text,label
JUST IN TODAY: Trey Gowdy Is The NEW DIRECTOR Of The FBI!,fake
Obama knows his way around a ballot -- chicagotribune.com,real
"Outlook, Office, Skype, Bing, Breaking News, and Latest Videos",real
USA: Mysterious Nazi submarine from WWII discovered in Great Lakes!,fake
"Shaquille O’Neal Says: ‘Trump Is Possibly The Best President Of The President Of All Times Ever, He Is Not Afraid To…’",fake
Lance Armstrong's defiant Twitter photo shows him relaxing with seven yellow jerseys,fake
"Donald Trump inauguration: Artists who won't perform at ceremony include Elton John, Celine Dion and John Legend",fake
"New York Officials Welcome Immigrants, Legal or Illegal",real
BUSTED: Russian Mansions Obama Seized Were Meant To Be Illegal Gifts To Sasha And Malia,fake
All Citizens Who Want to Receive Gvt Benefits Must Agree to Be Microchipped in the Near Future,fake
BREAKING: Illegal Muslim From Iran Arrested For Starting California Wildfire,fake
ELECTORAL COLLEGE ELECTOR COMMITS SUICIDE TO AVOID VOTING FOR DONALD TRUMP,fake
Browse Congressional Bills,real
Average cable TV bill cited in article on industry study,real
VIDEO: Special Preview Of Jersey Shore In Miami!,real
Man Loses His Testicles After Attempting To Smoke Weed Through A Scuba Tank,fake
The Arena - Politico's daily debate with policymakers and opinion shapers,real
'This Week' Transcript: Geithner,real
JUST IN: Sarah Palin In A Coma After Hit And Run,fake
The Budget and Economic Outlook: Fiscal Years 2009 to 2019,real
Has the potency of pot changed since President Obama was in high school?,real
Encounters With 'Regular Guy' Fred Thompson -- New York Magazine,real
Assistant professor of economics at the Gatton College of Business and Economics at University of Kentucky,real
"David Plouffe, Sen. Joe Lieberman and Gen. Michael Hayden talk national security leaks",real
The latest political news and headlines from D.C. and beyond,real
Libtard Hero Al Franken Forced To Resign In Disgrace,fake
President Barack Obama in Portsmouth Town Hall,real
Pope Calls for World Wide Gun Confiscation Except for the UN,fake
"Smoking In Cars With Children Is Illegal Starting January 30, 2018",fake
Democratic National Convention Committee,real
U.S. Army's Involvement in Motorsports,real
Sen. Sanders warns of ‘frightening trend’ towards oligarchy,real
FDIC: FIL-14-2005: Revised Examination Guidance,real
Fox News Sandra Smith: “Everybody Could See From The United Airlines Passenger’s Behavior That He Was Not A Genuine American”,fake
Israel should welcome Rouhani's election victory,real
Laguna Beach Antifa 22m David Hogg Didn't Attend Parkland High School I Went to School With Him at Redondo Shores High School in California and He Graduated in 2015 Here He Is in Our Yearbook From 201,fake
Wife of Las Vegas massacre victim: ‘He saved my life and lost his’,fake
Obamas comments on capandtrade costs,real
House GOP Introduces Keep Terrorists Out of America Act,real
ICE Detainer Issued for Suspected Wine Country Arsonist in Sonoma Jail,fake
"Washington Post: Breaking News, World, US, DC News & Analysis",real
Illinois General Assembly,real
Missing Teen-Ager Found in New Jersey,real
Republican response to President Barack Obamas Weekly radio address,real
Attorney General Sessions Statement on Recusal,fake
"Switchboard, from NRDC :: Barbara Finamore's Blog :: China’s Carbon Intensity Target",real
"Bill Clinton Says He 'Never Said A Bad Word About Senator Obama,' At mtvU's First 'Editorial Board'",real
Remarks by the President on the American Jobs Act,real
The page you're looking for may have been moved or renamed,real
Kerry-McCain: Welcome To Massachusetts!,real
BREAKING: Black Hockey Player FIRED After Raising Fist During National Anthem,fake
Cannibals Arrested in Florida Claim Eating Human Flesh Cures Diabetes and Depression,fake
"The CNN Miami Republican debate transcript, annotated",real
"Fact-Check: No, Fall River, Massachusetts, Was Not ‘Built by Immigrants’",fake
A Senate in the Gun Lobby’s Grip,real
Krugman calls Senate health care bill similar to law in Massachusetts,real
'This Week' Transcript: Hillary Clinton,real
"Employment, Hours, and Earnings from the Current Employment Statistics survey (National) Home Page",real
Hurricane Irene: ‘Photo’ of shark swimming in street is fake,fake
BREAKING: Fox Sports Cancels ALL NFL Broadcasts ‘Until Players Respect The Flag’,fake
Pro-Lifers Declare “Ejaculation Is Murder: Every Sperm Cell Is A Life”,fake
Births: Preliminary Data for 2005,real
Jason Aldean Gig Canceled After He Sells Out To Liberals On SNL,fake
CNN host Fareed Zakaria calls for jihad rape of white women,fake
Protecting Our Children from the Dangers of Smoking,real
Op-ed by President Obama: President Obama Reflects on the Impact of Title IX,real
USDA approves slaughterhouses producing horse meat for human consumption,fake
"Trump asking Congress, not Mexico, to pay for border wall",real
"ISIS Lays Down Arms After Katy Perry’s Impassioned Plea To ‘Like, Just Co-Exist’",fake
Supreme Court Vacancy Video,real
"Nancy Pelosi, Wicked Witch of the West",real
FDA Announced That Vaccines Are Causing Autism,fake
"Queen Elizabeth Says: “Muslim Refugees Are Dividing Nationality, I Fully Agree With Donald Trump We Should…”(VIDEO)",fake
Obama Announces Bid To Become UN Secretary General – Usa News,fake
"Carolyn B. Maloney on Twitter: ""Women's health & wellbeing don’t seem to count in the math of the GOP's merciless #PayMoreForLess healthcare bill. We must not defund @PPFA!… https:",real
"Bill Clinton on Rush Limbaugh, His Mistakes, the Supreme Court and Middle East Peace",real
Donald Trump signs a visa-free travel policy for Ghana,fake
Social Security Online History Pages,real
BREAKING NEWS: Prince William and Harry donates $100 million to Hurricane Harvey Victims,fake
Political TV Ad Archive » PolAd,real
Press release Rep Barton Democrats stimulus will waste money abuse people and lead to unintended consequences,real
"Call 'Islamic terrorism' what it is: a threat to West, Jeb Bush says",real
What Carly is doing tonight – Carly Fiorina – Medium,real
Monthly Budget Review,real
Rising to a New Generation of Global Challenges,real
CHIP Enrollment: June 2011 Data Snapshot,real
Donald J. Trump on the Stakes of the Election,real
"Author Offers Insights on Slavery, the Capitol, and Obama's Inauguration",real
Michael Bennet for US Senate,real
Senate Democrats Demand Supreme Court Nominee Not Be Unduly Influenced By U.S. Constitution,fake
Writers May Have Pact. Huckabee Crosses Picket Line—Again,real
BREAKING: US comedian Kevin Hart in critical condition after gory car crash,fake
MoveOn.org Political Action: 10 things to know about McCain,real
Change We Can Believe In,real
Food Standards and Labeling Policy Book,real
Starbucks Just Placed Trump’s Photo on Floor so Every Customer have to Step On It….,fake
Chinese Lunar Rover Finds No Evidence Of American Moon Landings,fake
No More Dragging Up the Rear Arkansas Bows To Pressures To Put Schools To the Test,real
"Outlook, Office, Skype, Bing, Breaking News, and Latest Videos",real
"Donald Trump, Billy Bush: Interview Scrambles Race",real
LexisNexis(R) Publisher,real
Social Security Trustees Report 2007,real
Massachusetts Department of Elementary and Secondary Education,real
9 celebrities who say they'll move to Canada if Donald Trump becomes president,fake
Barasso Ready to Question Kagan,real
The Kardashians donate whopping sum to Las Vegas mass shooting victims,fake
 Friendly Fire … Charlottesville Car attacker is antiTrump Antifa supporter,fake
CALIFORNIA DEMOCRAT MAXINE WATERS CHARGED ON 3 COUNTS. DO YOU SUPPORT THIS?,fake
Spicer: “Trump Has The Legal Right To Cancel SCOTUS Because They Serve At His Pleasure”,fake
Whoopi Goldberg: Navy SEAL Widow was “Looking for Attention”,fake
'This Week' Transcript: Kaine and Steele,real
"Most heroin in U.S. now comes across Mexican border, Rob Portman says",real
Senate Democrats news conference on the Senate Climate Action Task Force,real
State Of Minnesota Has Just Handed Over FULL CONTROL To Muslims So They Can Take Down ‘Infidels’,fake
PolitiFact’s annotated transcript of the second presidential debate,real
BREAKING: Conservative Icon Ted Nugent Killed In Hunting Accident,fake
Twelve More Hurricanes Headed Towards US,fake
Broward County Sheriff Fired For Lying About Parkland,fake
Florida passes bill legalizing recreational use of marijuana,fake
"3rd Democratic debate transcript, annotated: Who said what and what it meant",real
BREAKING: Rosa Parks’ Daughter Praises Trump’s Response to Charlottesville – forfreedomworld,fake
U.S. Solar Market Insight Report,real
"This Labor Day, we need protests",real
112-Year-Old Voters in North Carolina?,fake
"NYC: PHYSICIAN and Wife Jump To Death…Leave Kids Behind Because They “Can’t Afford The Health Care” Only Hours After McCain, Murkowski, Collins and EVERY Democrat Voted To Keep Obamacare -",fake
Dean Ralph Reed Fundraiser Reveals McCain Double Talk on Ethics,real
U.S. House Committee on Foreign Affairs,real
About Bright Horizons Child Care & Family Solutions,real
Press release AIG Discloses Counterparties to CDS GIA and Securities Lending Transactions,real
"As Dems’ “Stimulus” Anniversary Nears, Americans Ask: “Where are the Jobs?”",real
Forget Kiev. The Real Fight Will Be for Crimea,real
Laws Affecting Reproductive Health and Rights: 2013 State Policy Review,real
HRC Caught On Tape Laughing About Irma Wiping Out All Of Those Florida Hillbillies,fake
New York Man Wanted For Infecting 240 Men And Women With HIV!!!,fake
The Daily Show with Trevor Noah,real
'This Week' Transcript: Biden,real
The Des Moines Register,real
BREAKING: The Democrat James Comey Has Been Having An Affair With Was JUST REVEALED! (DETAILS),fake
Trump Vows to End Winter Heating Assistance for Elderly and Disabled – Our Voice,fake
CPAC 2013 - Former Governor Sarah Palin (R-AK),real
THIS ARTICLE RETRACTED: Red Crescent Says No Evidence of Chemical Attack in Syria’s Douma,fake
Poor and the nearpoor 1959 to 2006,real
The State of Working America 20067 pdf,real
Memory Lapse? Trump Seeks Distance From 'Advisor' With Past Ties to Mafia,real
"Flight Crew Takes A Knee And Walks Off, Leaving New Orleans Saints Stranded On Runway",fake
"Mom applies a remedy to her baby, moments later he dies. Be careful with this, moms!",fake
BREAKING: Fox Star Tucker Carlson In Critical Condition After Head On Collision Driving Home,fake
"Rick Santorum: By amending constitution, we can balance the budget for good",real
"Singer Dolly Parton: “Trump In One Year Is Already Better Than 16 Years’ of Bush, Obama ‘Put Together’, This Stupid Liberals Doing Everything To Impeach Him But We Standing With Trump now And Forever.",fake
Peanut Product Recall Took Company Approval,real
Report on Geithners tax issues,real
"To young people who are undocumented: This is your country, too.",real
The Economic Burden Caused by Tax Code Complexity,real
New Jersey Police Chief Says Black People ‘Have No Value’ And Should All Be Executed,fake
roll call on Stupak amendment,real
BREAKING: Nancy Pelosi To Resign After New Revelations – NRTOnline,fake
Tulsa School closes after brutal fire.,fake
Local News Headlines Hawaii,real
05/27/99 Committee on the Judiciary,real
"Vladimir Putin's Approval Rating Hits All-Time High, Boosted by Syria Airstrikes",real
Rep Poe Interviewed on Fox Business Network,real
America's Enduring Strength,real
"Senator Charles Schumer NY November Midterm Elections, Nov 25 2014",real
The full transcript of the third presidential debate,real
Why the Public Option Isn't the Only Answer to Health-Care Reform,real
Gretchen Carlson: “The 2nd Amendment Was Written Before Guns Were Invented”,fake
Texas Church Shooter Was Antifa Member Who Vowed To Start Civil War,fake
"Liberal Women Hate Me Because Of My “Striking Beauty And Intellect”, Says Kellyanne Conway",fake
"Briefing by White House Press Secretary Robert Gibbs, 9/10/09",real
The Return of the Viral Email,real
BREAKING: Meryl Streep Just Got Fired From A Major Project For Lying About Trump -,fake
John Hagee Calls For “Prosecuting Women Who Say God’s Name During Intercourse”,fake
"Remarks by the President on the Economy -- Knox College, Galesburg, IL",real
Clinton Foundation Largest Unprosecuted Charity Fraud in History-Charles Ortel,fake
Testimony on the Alternative Minimum Tax,real
Eric Trump: It would be 'foolish' for my dad to release tax returns,fake
Obama Orders Life-Sized Bronze Statute of Himself To Be Permanently Installed in White House,fake
"Bin Laden is “Alive and well in the Bahamas”, says Edward Snowden",fake
Pope says that the rights of Muslim migrants trump any safety concerns that you might have with them in your country,fake
AFP: McCain renews attacks on Obama links to radical,real
BREAKING: Mike Huckabee Just Fired!,fake
'This Week' Transcript: Pelosi and Gates,real
'This Week' Transcript: Former Vice President Dick Cheney,real
Bureau of Labor Statistics Data,real
White House Chef Quits Because Trump Has Only Eaten Fast Food For 6 Months,fake
"McCain, Obama go head to head in last debate",real
A Trump fan was just charged with trying to murder Maxine Waters on same day Trump threatened her,fake
BREAKING: CZECH REPUBLIC ARMS CITIZENS – “YOU CAN NOW SHOOT TERRORISTS ON SIGHT”,fake
URGENT: proposed law would charge protesters with terrorism,fake
Friend of Israel also woos Palestinians Visiting Obama focuses on Israels right to defend itself,real
Melania Trump undergoes kidney surgery at Walter Reed medical center,fake
"Shields and Gerson on Cabinet Noms, Gun Laws, Boehner's Leadership | PBS NewsHour | Dec. 21, 2012",real
Barack Obama’s Remarks in St. Paul,real
'This Week' Transcript: Rep. Paul Ryan,real
Transcript of debate between Chris Coons and Christine ODonnell,real
Donald Trump featured in new jihadist recruitment video,real
"BREAKING: Trump fires Deputy Attorney General Rod Rosenstein, raising questions over Mueller’s fate",fake
Table B46 Employees on nonagricultural payrolls by major industry 19552006,real
"Senator Biden’s Remarks in Springfield, Ill.",real
McCain Blamed For Sabotaging Trump,fake
National Income and Product Accounts Table 175 Relation of Gross Domestic Product,real
"Penniless California issues IOUs to firms, clinics, taxpayers and students",real
Barack Obama says U.S. oil production last year was highest since 2003,real
Kim Jong Un Dead: North Koreans Calling Trump An Assassin,fake
Gore looking to turn idle fans into activists 3year ad campaign will feature enemies united on climate,real
Student Hasn't Stopped Filming Since Florida School Shooting,fake
"Remarks by the President at Campaign Event -- Colorado Springs, CO",real
Morgue employee cremated by mistake while taking a nap,fake
Thinking about writing in a candidate on Election Day? Read this before you do.,fake
Children - Obama for America TV Ad,real
Malia Obama Arrested With A Gang Of Thugs In Chicago,fake
Full text: Jeff Flake on Trump speech transcript,fake
Arizona Department of Public Safety,real
"Nancy Pelosi Suffers Breakdown, Taken From Capitol Hill On A Stretcher",fake
British Politician Beaten by Protestors for 'Welcoming Trump to the UK',fake
BREAKING! Roy Moore’s Accuser Worked for Democratic Leaders and Is Actively Campaigning for Moore’s Opponent ⋆ Activist Mommy,fake
‘NASA Confirms’ 15 Days Of Darkness Coming This Month,fake
Biden raises possibility of 2020 presidential bid,fake
Senator Bernie Sanders on Democratic Socialism in the United States,real
2007 Kaiser/HRET Employer Health Benefits Survey,real
A comprehensive investigation of voter impersonation finds 31 credible incidents out of one billion ballots cast,real
Breaking: Greitens Accuser Admits Photo Session May Have Been A “Dream”,fake
BREAKING: President Trump Pardons Kim Davis,fake
Delta targeted in online free airline ticket scam,fake
Covering Young Adults Under the Affordable Care Act: The Importance of Outreach and Medicaid Expansion,real
Investigators: Anthony Bourdain Was Killed By Clinton Operatives,fake
Rep. Vern Buchanan on Twitter,real
Transcript of Wednesday's presidential debate,real
Breaking: Mar-A-Lago Destroyed By Irma-Jared Kushner Still Missing,fake
'This Week' Transcript: Sen. Dianne Feinstein and Rep. Mike Rogers,real
Obama administration opens the door for states to seek major changes in welfaretowork law,real
Las Vegas Shooting Witnesses Report Multiple Gunmen Dressed as Security Guards Oct 3 2017,fake
deputy director of national health statistics in the Office of the Actuary at the Center for Medicare and Medicaid Services,real
Obama Promises Abortion in Public Plan,real
FBI uncovered Russian bribery plot before Obama administration approved controversial nuclear deal with Moscow,fake
TRUMP APPROVAL RATING Better than Obama and Reagan at Same Point in their Presidencies,fake
"NASA Will Pay You $100,000 To Stay In Bed For 60 Days!",fake
"Singer Tina Turner: “This Thanksgiving Is The First Time in 8 Years That I am Thankful For Our President, God Bless Him And His Supporters.” Do You Support To Tina ? – American President Donald J. Tru",fake
Pastors To Protest IRS Rules on Political Advocacy,real
Democratic Leaders Say House Democrats Are United Against GOP Default Act,real
Remarks by the President at AFL CIO Labor Day Picnic,real
"Georgia Mosque KEEPS Hurricane Harvey Donations, Will Send To Syrian Refugees Instead",fake
Historical aggregate income by fifths and top 5 percent,real
Twitter Caught Leaking Donald Trump's Private Messages in Undercover Sting,fake
Planned Parenthood® Action Center,real
Clinton Campaign official arrested by FBI on child rape/trafficking charges,fake
BREAKING: PUTIN INTERFERENCE COULD GIVE COURTS LEGAL RIGHT TO MAKE HILLARY PRESIDENT,fake
BREAKING: MALIA OBAMA EXPELLED FROM HARVARD,fake
Police Find 19 White Female Bodies In Freezers With “Black Lives Matter” Carved Into Skin,fake
speech on the floor of the US House of Representatives,real
Snoop Dogg Arrested For Conspiracy After Talking About His ‘Murder Trump’ Video,fake
Patient Protection and Affordable Care Act,real
Snapchat is shutting down!,fake
"80% of black men in Atlanta are Homosexuals, study says",fake
"'This Week' Transcript: Hoyer, Boehner and Bill Gates",real
"Data on Campaign Finance, Super PACs, Industries, and Lobbying",real
Donald Trump to issue an executive order to ban Facebook across US,fake
Mike Pence: “Allowing Rape Victims To Have Abortions Will Lead To Women Trying To Get Raped”,fake
"New Star Wars Movie Filming Near Rosenberg, Texas, Large Number of Extras Needed – WBN 12 News",fake
RACE FOR CITY HALL: The Republican Candidate; A Mercurial Mayor's Confident Journey,real
No MidOct Paycheck for Troops if Government Shuts Down Lawmaker says,real
H.R.1025 - 103rd Congress (1993-1994): Brady Handgun Violence Prevention Act,real
transcript accessed via Nexis Mitt Romney Sends Taped Message to 2011 NRA Convention,real
Terror Suspects Are Buying Guns - and the FBI Can't Stop Them,real
BREAKING: First NFL Team Declares Bankruptcy Over Kneeling Thugs,fake
TPMtv Extra: South Carolina Ronald Reagan Debate,real
Obama’s Tax- Skipping – Audit Shows Millions In Offshore Accounts,fake
New York Election Results November 7,real
Senate begins health care debate amid calls for tort reforms,real
United Airlines Flight Attendant Slaps Crying Baby During Flight,fake
Remarks by the President at the Associated Press Luncheon,real
Create a Prank and trick your friends,fake
"A fake photo of Emma González went viral on the far right, where Parkland teens are villains",fake
Charleston Shooter Dylann Roof Moved to Death Row in Terre Haute Federal Prison,fake
An Open Letter to 'All Barack Channel',real
WATCH LIVE: Tim Kaine and Corey Stewart meet for first U.S. Senate debate in Virginia,real
TG-162: Treasury Announces $68 Billion in Expected CPP Repayments,real
"BOMBSHELL: COMEY KNEW MURDERED DNC STAFFER, SETH RICH, WAS WIKILEAKS SOURCE & COVERED IT UP FOR HILLARY",fake
AUTOS: The Dinosaur Hunter,real
REP. JENKINS: OPIOID CRISIS FUNDING SHOULD BE BASED ON NEED,real
Jim DeMint on Twitter,real
U.S. Senate: U.S. Senate Roll Call Votes 108th Congress,real
Southwest Airlines 2017,fake
"Outlook, Office, Skype, Bing, Breaking News, and Latest Videos",real
Washington State Legislature votes to change its name because George Washington owned Slaves,fake
"""Give Me a Break"" Americans Against Food Taxes TV Ad 2011",real
"Hillary Rodham Clinton, Senator for New York: Schumer, Clinton Announce Key Senate Panel Approves Over $1.3 Million for Labor, Health and Human Services Projects in the Hudson Valley",real
Jimmy Carter: “Medical Marijuana Cured My Cancer”,fake
Biden Issues Statement Following Conversation with Musharraf,real
John McCain for President,real
Leonardo DiCaprio Tells President Obama That He's Going to Mars,fake
ICE removal key goal of Democrats in 2020 election,fake
Sasse Statement on Trade War,real
Chairmans Mark Americas Healthy Future Act of 2009,real
"Employment, Hours, and Earnings from the Current Employment Statistics survey (National) Home Page",real
BREAKING: Federal Judge Grants Permission To Subpoena Trump,fake
2011 via CQ subscribers only Tax Foundation,real
Rep. Michael McCaul (R-TX) Appears on Face the Nation,real
Robert Redford Says: Michelle And Barack Obama Should Get Five Years In Prison,fake
"Outlook, Office, Skype, Bing, Breaking News, and Latest Videos",real
Food Stamp Enrollment Drops by Four Million in One Month,fake
"NRA President David Keene Rejects White House Gun Control Approach | PBS NewsHour | Jan. 15, 2013",real
3/8/14 Sen. Rob Portman (R-OH) delivers Weekly GOP Address on American jobs,real
A Solar Grand Plan: Scientific American,real
Breaking News: FBI Uncovers Evidence That 62 Million Trump Voters are All Russian Agents,fake
Organizing for Action,real
US Government Accountability Office Report to Congressional Committees,real
Paul Ryan: “Donald Trump Plans To Resign From Office Within The Next 30 Days”,fake
Schneiderman suing Trump over DACA cites 'discriminatory animus',real
Planned Parenthood® Action Center,real
Pelosi urges minimum-wage hike,real
Congressman Pence Discusses House Republican Energy Bill on MSNBC's Morning Joe,real
"S.1591 - 104th Congress (1995-1996): A bill to prohibit campaign expenditures for services of lobbyists, and for other purposes.",real
Cravaack Passes Amendment to Improve US Aviation Security in Opposition to Obamas Planned Disarming of Federal Flight Deck Officers,real
U.S. Senate: U.S. Senate Roll Call Votes 111th Congress,real
Des Moines Register,real
"DONALD TRAIN NEWS: BREAKING: Rosa Parks’ Granddaughter SLAMS Racist Democrats, Endorses Trump",fake
Breaking down barriers for African Americans – Hillary for America – Medium,real
"'This Week' Transcript: Madeleine Albright, Sen. Lindsey Graham, Sen. Kent Conrad and David Cote",real
Watch a replay of Fox News' 5 p.m. presidential debate,real
"Statement from FDA Commissioner Scott Gottlieb, M.D., on FDA’s ongoing efforts to help improve effectiveness of influenza vaccines",fake
Reps Cummings and Cole Interviewed on MSNBC,real
Warren Buffett says the super-rich pay lower tax rates than others,real
International Energy Statistics,real
OBAMA’S PRIVATE ‘SECURITY’ COMPANY SETS UP MASSIVE CAMPS OUTSIDE 3 MAJOR CITIES,fake
George H.W. Bush has died at 94 – New York,fake
BREAKING: Hillary Clinton Has Third Heart Attack-Docs Says She ‘Won’t Survive’,fake
The Tonight Show with Jay Leno,real
‘Americans need to stand together’: Hillary Clinton’s remarks following the Orlando shooting,real
"Peter Strzok, FBI Agent in Texting Scandal, Will Testify Before Congress",fake
"No Regrets for a Love Of Explosives; In a Memoir of Sorts, a War Protester Talks of Life With the Weathermen",real
Who Benefits from President Trump’s Child Care Proposals,real
 Breaking President Trump makes English the official language of the United States,fake
"300,000 Pounds of Counterfeit Rat Meat Has Been Sold as Chicken Wings in The U.S.",fake
STUNNING! Democrats BOO and GROAN at Trump Mention of Murder Victims of MS-13 Killers (VIDEO),fake
The CNN Democratic presidential debate in Texas,real
Rick Santorum sworn in as Pennsylvania’s newest senator,real
BREAKING: Nancy Pelosi Was Just Taken From Her Office In Handcuffs,fake
"Bill Gates: “I think Donald Trump will go down to history as one of the greatest presidents, just like Reagan.”",fake
Sen. Barack Obama's answer to meeting energy demands,real
Hispanic Populations Share of Wealth Likely to Increase by 2025,real
American News is under construction,fake
Puerto Rico Mayor Facing Fraud Charges Over $3M In Federal Disaster Relief,fake
The numbers don't lie... - Occupy Democrats,fake
Debt Day: A Symbol of Washington’s Arrogant Culture of Borrowing and Spending (Boehner Op-Ed on Townhall.com),real
Ted Cruz' Full 'Meet the Press' Interview,real
"Outlook, Office, Skype, Bing, Breaking News, and Latest Videos",real
Justice Department Memos on Interrogation Techniques,real
Cain said food stamp program use up under Obama,real
Could Trump Win The Nobel Peace Prize? Peace in Korean Peninsula Would Be Significant Foreign Policy Achievement,fake
'This Week' Transcript: Holder and Giuliani,real
Text - H.R.2122 - 106th Congress (1999-2000): Mandatory Gun Show Background Check Act,real
"McConnell, Webb, Jindal express uncertainty over Iran nuclear deal",real
IT BEGINS: California Appoints FIRST Illegal Alien to State Office – Trump Has Better Plan,fake
Transcript: House Majority Leader Boehner on 'FNS',real
"Inside the Snapchat bloodbath: 60 minutes of terror which left 17 dead, bodies in classrooms and kids 'full of blood'",fake
BREAKING: Barcelona Terrorist Has A Cousin In The US Named Barack,fake
 BREAKING Muslims’ Disturbing Plan Comes Out After Grocery Stores Go Bare To Prepare For Irma,fake
Melania Just Hit Donald Trump With Shocking Announcement He Never Saw Coming,fake
Rice told investigators why she unmasked Trump aides,fake
How Donald Trump Lost the 'War on Christmas',fake
Public financial disclosure report,real
BREAKING ObamaLed UN Has Just Made It Official US To Immediately Pay Blacks ‘Reparations’,fake
2011-2012 Wisconsin Legislature Documents,real
JUST IN: WaPo Reporter Who Broke News On Judge Roy Moore Story Has A Criminal History Of “Faking” * 100PercentFedUp.com,fake
Obama addresses key concerns for Floridians,real
Part 1 of CNN Democratic presidential debate,real
JUST IN: Barack Obama ARRESTED in a Japanese Drug Bust,fake
Texas law enforcement officer fatally shot upon arriving for work by 3 Muslim refugee. Do you support to deport them?,fake
Philando Castile Had Been Stopped 52 Times By Police,real
spreadsheet with key indicators from OECD Health Data 2009 health care expenditures per capita,real
Black Men Arrested In Philadelphia Starbucks Settle For $2 Million,fake
Putin says: ‘Pope Francis Is Not A Man Of God’ | Must-See !!,fake
Sale of the Etch A Sketch Brand,real
"Care Without Coverage: Too Little, Too Late",real
"First family visits D.C. shelter, highlights homeless veterans’ plight",fake
Job Openings and Labor Turnover Survey News Release,real
"Barack Obama Tweets SICK Attack On John McCain, Says He Should Have Died",fake
Striking it Richer The Evolution of Top Incomes in the United States update with 2007 estimates,real
Remarks by the President on Oil and Gas Subsidies,real
Rubio: “Rape Victims Should Be In Custody If There Is Suspicion That They’re Planning Abortion”,fake
The CNN porn scare is how fake news spreads,fake
"Hurricane Irma: If There Was Such A Thing As A Category 6 Hurricane, This Would Be It",fake
Pope Francis To Followers: “Koran And Holy Bible Are The Same”,fake
"Obama, Not Donald Trump, May Be Invited to Royal Wedding of Prince Harry and Meghan Markle",fake
Analysis of the 2008 Presidential Candidates’ Tax Plans,real
Summary of the Affordable Care Act,real
President Trump Underscores US-Jamaica Relations,fake
Marco Rubio says Ted Cruz voted for defense cuts in Rand Paul's budget proposal,real
"Ralph Nader on Barack Obama: ""It is Quite Clear He is a Corporate Candidate from A to Z""",real
'This Week' Transcript: Target Libya,real
Obama Demands Investigation into Subprime Loan Discrimination,real
Man pardoned by Obama ‘executed’ by masked men at halfway house,fake
"Paul Ryan: “22 Million Americans Choose To Be Poor, So It’s Their Own Problem If They Can’t Afford To Be Healthy”",fake
U.N. Official 'Accidentally' Crushes Own Throat Right Before Testifying Against Hillary Clinton,fake
Peace Through Strength and American Pride vs. “Enemy-Centric” Policy,real
H1N1 vaccinations to be offered to Guantanamo Bay detainees,real
"Actress Jennifer Aniston: “Me and All The Trump Supporter Celebrities Decide To Make A Company Named “Celebrities For Trump”, Which Fight Against All Anti Trump Celebrities, I Think President Trump Ne",fake
Carnival Cruise Lines will now offer FREE Cruises,fake
"Actor Brad Pitt: 'Trump Is Not My President, We Have No Future With This...'",fake
McCain Campaigns In Nashville,real
Obama Goes To G20 Summit,fake
BREAKING: Roy Moore’s Accuser Arrested And Charged With Falsification,fake
REPORT: Kim Jong Un Killed In Trump’s Overnight Black Op Attack On North Korea -,fake
Bachmann: “White People Have Suffered More In The Last 8 Years Than Blacks Did During Couple Years Of Slavery”,fake
"Current-Law Distribution of Federal Taxes By Cash Income Percentiles, 2007",real
TSA: Frequently Asked Questions,real
Financial Rescue Nears GDP as Pledges Top 128 Trillion by Mark Pittman and Bob Ivry,real
"Outlook, Office, Skype, Bing, Breaking News, and Latest Videos",real
Debbie Wasserman Schultz Aide Arrested Trying to Flee the Country,fake
Las Vegas campaign rally,real
"Budget of the United States Government, FY 2008",real
"Bill Clinton Says He 'Never Said A Bad Word About Senator Obama,' At mtvU's First 'Editorial Board'",real
Public Campaign Action Fund,real
Radical Muslims in Australia OFFENDED That Their Children Have to Sing the National Anthem,fake
Buzz Aldrin ‘passes UFO lie detector test leaving experts convinced that he encountered alien life’,fake
Barack Obama says Mitt Romney condemned coal-fired power plants as killers,real
Transcript of Wednesday's presidential debate,real
Senate Passes Obama-Hagel Provision Aimed at Preventing Nuclear Terrorism,real
Inquiry Sought in Hillary Clinton’s Use of Email,real
and Surpluses or Deficits as Percentages of GDP 1930–2015,real
alternativemediasyndicate.com,fake
Executive Order Protecting the Nation from Foreign Terrorist Entry into the United States,real
"NFL Lawyer, Who Claimed Super Bowl Is ‘Rigged’, Found Dead",fake
Political TV Ad Archive » PolAd,real
"9/11 families, others rally in favor of NYC mosque",real
PolitiFact’s annotated transcript of the second presidential debate,real
GDP and the Economy Final Estimates for the Third Quarter of 2007,real
Teamsters Tout ANWR on Capitol Hill,real
"ABC News Joins Obama In Ban Of American Flag Lapel Pins, Here’s What You Need To Know",fake
Hillary In Hiding As Police Discover Dead Body Hidden In Huma Abedin’s Dumpster,fake
Keanu on Trump travel ban: 'just terrible',fake
UPDATE: Hillary Clinton Leaves The Country As Mueller Indictment Is Announced,fake
Individual Income Tax Returns Publication 1304 (Complete Report),real
or Degrading Treatment of Punishment Text of International Covenant on Civil and Political Rights Text of Geneva Convention relative to the Treatment of Prisoners of War Text of Geneva Convention relative to the Protection of Civilian Persons in Time of War Text of Universal Declaration of Human Rights Jay Bybee assistant attorney general,real
"Democrats go full TYRANNY: Now demand nationwide gun confiscation from law-abiding Americans… at gunpoint, of course",fake
"NRA President Jim Porter Falsely Accused of Saying, “It’s Only A Matter Of Time Before We Can Own Colored People Again”",fake
Obama’s Remarks at the White House Health Care Forum,real
comments at the CNN Republican presidential debate in Las Vegas,real
"'This Week' Transcript: Goolsbee, Brown & Corker",real
Romneys ProLife Conversion Myth or Reality June 14,real
 Actress Emma Stone ‘For the first time in history we have a president that…,fake
Trump’s DHS Secretary Confirms They Are Preparing To Arrest Sanctuary City Leaders,fake
Obama: Mitt Romney refused to say whether he supports Lilly Ledbetter Act,real
"Democratic debate: Bernie Sanders really isn't as ""socialist"" as President Eisenhower",real
"Legendary Actor Kirk Douglas Dead, 4 Days Before His 101st Birthday",fake
Jeb Bush 2016 Same Resume Right to Rise USA PAC,real
"IMPEACHMENT HINT STIRS HOUSE CLASH; Democratic Orators Spring to Roosevelt Defense, Charging 'Malice.'",real
Declining Business Dynamism in the United States A Look at States and Metros,real
Regular Session Senate Transcript,real
"Letter to the Honorable John Boehner providing an estimate for H.R. 6079, the Repeal of Obamacare Act",real
"Tennessee GOP Twitter taken down, after Tweet exposing Pelosi involved in Pedophilia",fake
Head Of NFL Fines Steeler Teammates $1 MILLION Each!,fake
Public Views on Health Care Overhaul Top Week's News,real
Taxable Estates Estate Tax Liability and Average Estate Tax Rate By Size of Gross Estate,real
Patient Protection and Affordable Care Act,real
Michelle Obama Just Received LIFE-SHATTERING News From The Doctor,fake
2011 Text of President Barack Obama’s proposed jobs bill Email interview with Lynne Bernabei,real
Text of H.R. 3338 (107th): Department of Defense and Emergency Supplemental Appropriations for Recovery from and Response to ... (Passed Congress version),real
“HIV VIRUS” Found In Walmart Bananas After 10 Year Old Boy Agreements The Infection,fake
BREAKING: Johnny Depp Taken Into Custody By Secret Service,fake
Transcript: Vice Presidential Debate,real
U.S. Senate: U.S. Senate Roll Call Votes 105th Congress,real
Iranian Official Drops Bombshell: Obama Secretly Gave Citizenship to 2500 Iranians as Part of Nuke Deal,fake
Hillary Clinton Remarks at National Urban League Conference,real
Remarks of Senator Barack Obama An Agenda for MiddleClass Success,real
Alabama football Crimson Tide disqualified from national championship,fake
Romney campaign ad,real
"Palin: Pioneer, maverick -- and now game-changer",real
National Federation of Independent Business,real
Rep. Paul Gosar Asks Capitol Police to Arrest Illegal Immigrants Attending State of the Union,fake
The Democratic Debate in Cleveland,real
Virginia Republican Wants Schools To Check Children's Genitals Before Using Bathroom,fake
"Remarks by the President on Comprehensive Immigration Reform in El Paso, Texas",real
"Japanese Whaling Crew Eaten Alive By Killer Whales, 16 dead",fake
Is The End In Sight For Supermax?,real
"Most heroin in U.S. now comes across Mexican border, Rob Portman says",real
"No, Sandra Bullock didn't disparage Hillary Clinton",fake
"Ad says Obama apologized, showed weakness on Iran",real
The Colbert Report,real
U.S. Senator Debbie Stabenow of Michigan,real
Babysitter on Crystal Meth Eats 3-Month-Old Baby,fake
Chuck Schumers Steamy Affair With A High School Cheerleader Confirmed,fake
Remarks by the President on a New Strategy for Afghanistan and Pakistan,real
Clinton Email: We Must Destroy Syria For Israel,fake
Town Hall Meeting in Derry NH,real
Meet Barack Obama,real
WORSE THAN HITLER! Trey Gowdy’s Son Found In A Dumpster In DC! Murders Are Being Questioned!,fake
Border Security The Role of the US Border Patrol,real
Trump on Revamping the Military: We’re Bringing Back the Draft,fake
BREAKING: Malia Obama SUSPENDED After Racist Anti-White Attack Goes Viral,fake
"Melania Trump: ‘If ISIS Lay A Finger On Barron, I’ll Scratch Obama’s Eyes Out’",fake
Kushner And Wife Ivanka Trump Were Tossed Out Of The White House — And Donald Is Cutting Them Out Of His Will!,fake
Testimony on CBO’s Assessment of the Air Force’s Plan to Acquire 100 Boeing Tanker Aircraft,real
Estonia Might Have The Most Efficient Tax Filing System In The World,real
"DNC’s Donna Brazile Dedicated Her Book to ‘Patriot’ Seth Rich, Whose Death Made Her Fear for Her Own Life",fake
Top Presidential Candidate 2008 Websites,real
Federal Election Commission filing,real
Donald Trump Sets Conditions for Defending NATO Allies Against Attack,real
Rand Paul: We Must Demilitarize the Police,real
"Transcript: The Democratic debate in Milwaukee, annotated",real
Rep. Ross: We need to get government running again,real
Health Insurance Coverage in the United States 2015,real
Updated: The Facts About Hillary Clinton’s Emails,real
Dying 78 Year Old CIA Agent Admits To Killing Marilyn Monroe,fake
United States Department of Defense,real
"Key Facts: Race, Ethnicity and Medical Care",real
Sarah Palin Calls To Boycott Mall Of America Because “Santa Was Always White In The Bible”,fake
"FOX Network Picks Up ‘Roseanne,’ Saying It Has No Problem With Occasional Racism – The Newly Press News Network – POTUS Press Network",fake
School kids taught to praise Obama,real
Delta Force Raids Obama Stronghold in Thailand,fake
"Preliminary Analysis of the Chairman’s Mark for the America’s Healthy Future Act, as Amended",real
Texas church shooter was a militant atheist,fake
MoveOn.org Political Action: 10 things to know about McCain,real
Romney CPAC Speech: It's All About the Jobs,real
HOLLYWOOD CELEBS: WE WILL GO ON ‘TOTAL STRIKE’ IF TRUMP DOES NOT RESIGN,fake
"For Education Secretary, Stimulus Means Dollars and Risk",real
Ron Paul Praises Embattled RNC Chief Michael Steele For Leadership On Afghanistan,real
CONFIRMED ! JUSTICE RUTH BADER GINSBURG IS RESIGNING FROM THE POST OF ASSOCIATE JUSTICE OF THE SUPREME COURT,fake
Hillary Clinton Transcript: Read Full Text of Clinton Campaign Launch,real
Monthly Treasury Statement of Receipts and Outlays of the United States Government,real
Ohio student suspended for staying in class during National Walkout Day,fake
Gross Domestic Product Percent change from preceding period,real
"As Americans Save Money, their Government Spends with Reckless Abandon",real
Pier 39 Terrorist Was an Anti-Trump Antifa Supporter,fake
U.S. Department of Education Budget History,real
Remarks of Senator Obama: The War We Need to Win,real
Situation Syria Regional Refugee Response,real
"BREAKING: British Intelligence Seizes Clinton Foundation Warehouse, $400 Million In Cash – NRTOnline",fake
Fiscal Year 2011 Email interview with Todd Harrison of the Center for Strategic and Budgetary Assessments,real
Hillary Clinton says guns exceed next nine categories as leading cause of death for young black men,real
"Oprah Winfrey: The Butler, racism and Obama",fake
Trump Orders 13 Obama Deep State Operatives Arrested For Treason,fake
"Last in Queen Elizabeth II's line of corgis dies, says British press",fake
a professor of American Studies at Lynn University,real
BREAKING: Santa Fe Killer Confesses His Love For Obama,fake
Remarks by the President on Increasing Oversight on Manipulation in Oil Markets,real
2008 Presidential Election,real
"President Trump Campaigns Rick Saccone Pennsylvania, Mar 10 2018",real
Trump warns Russia over Jehovah’s Witnesses ban and urges members to seek asylum in the US,fake
Trump Declares Globalist Soros As “National Security Threat”…Using Obama’s 2014 Executive Order,fake
Keanu Reeves Shook The World With Another POWERFUL Message,fake
LAW PASSED: All Child Support in the United States Will End by Beginning of 2018,fake
Nexis®: Sign In,real
Debbie Wasserman Schultz on Twitter,real
Tom Price: “It’s Better For Our Budget If Cancer Patients Die More Quickly”,fake
Rand Paul Campaigns in Iowa for Miller-Meeks,real
"Outlook, Office, Skype, Bing, Breaking News, and Latest Videos",real
U.S. Senate: U.S. Senate Roll Call Votes 103rd Congress,real
"Leonard Lance claims federal tax code contains 4 million words, is 7 times as long as Bible",real
Australia Becomes First Country To Begin Microchipping Its Citizens,fake
JUST IN: 45 States Just Banned Sharia Law. Do You Support This? – ChristmasGifts,fake
2011 Urban InstituteBrookings Institution Tax Policy Center,real
the Border Security Economic Opportunity and Immigration Modernization Act as passed by the Senate,real
‘Smallville’ Star Confesses She Sold Children To Rothschilds And Clintons,fake
"CNN's Don Lemon: Bill O'Reilly's Criticism Of Black Community ""Doesn't Go Far Enough""",real
Action for 25th Legislature,real
Trump Removing Marines From the Navy,fake
Archbishop Desmond Tutu dies while holidaying in Texas,fake
10 Things You Didn't Know About Nancy Pelosi,fake
BREAKING: Clinton Foundation Cargo Ship Raided At Port Of Baltimore Reveals Sick Secret,fake
JEFFERSON DAVIS STATUE TO BE REPLACED WITH OBAMA LIKENESS,fake
"Pope Francis At Mass: ‘Jesus Is Metaphorical, Not Literal’",fake
Police Discover Meth Lab In Back Room of Alabama Walmart,fake
"Before leaving governor’s office in 2006, Mitt Romney’s staff eliminated e-mail records",real
"Executive Order Leads to Capture of ISIS Leader, Rasheed Muhammad",fake
"McCain touts 'Gang of 14,' immigration reform",real
412 Michigan Muslims Arrested In Fed’s ‘LARGEST BUST IN U.S. HISTORY’,fake
Topic A: How Can President Obama Regain His Political Footing?,real
MoveOn.org Political Action: 10 things to know about McCain,real
Youngest World Leader Bans George Soros’s Foundations From Austria,fake
Strong Words in Ohio as Obama and Clinton Press On,real
"Russian source behind Trump dossier killed in Russian plane crash, Rosatom CFO also dead. : conspiracy",fake
Red Hen Owner Just Issued Sick Threat To Sarah Sanders After Biz Was Destroyed By Booting Her,fake
Actress Sandra Bullock to Hillary Clinton if You Don't Like Our President You Can Leave and Never Come Back Again You Are One Jealous Woman Who Ls Nothing to Compare With Trump I Hope He Will Arrest Y,fake
BREAKING: Florida Moves For FULL RECOUNT Of State Over Massive Voter Fraud (DETAILS),fake
Rand Paul: Republicans 'Aren't Maybe Brave Enough' to Tackle Deficit,real
Clinton campaign’s claim that Trump would ‘force schools to allow guns in classrooms’,real
Melania Trump Hired Exorcist To ‘Cleanse White House Of Obama Demons’,fake
"Background Briefing on GM Restructuring, May 31, 2009",real
Losing Ground Foreclosures in the Subprime Market and Their Cost to Homeowners,real
Manager killed 10 employees at checkers on 183st and 27ave,fake
Video Interview with Howard Dean,real
Lindsey Graham Threatens To Convert To Democrat If Republicans Don’t Dump Trump – True Trumpers,fake
Sen. Gregg: President Obama's Budget Proposal Is a 'Disaster',real
Hillary Clinton Sits Down With Bill OReilly,real
iQ media Clip Player,real
President Trump Just Saved Christmas For 13 Million Retirees,fake
Barack Obama Challenges John McCain To Duel Over Taxes,real
CBOs Estimate of the Effects on Direct Spending and Revenues of the House Amendments to the Senate Amendments to HR 976 the Childrens Health Insurance Program Reauthorization Act of 2007,real
FBI RAIDS OBAMA – Find Massive Secret That Was Hidden For YEARS,fake
UPDATE: Van Full Of Illegals Caught Voting At Multiple Alabama Polling Locations,fake
BREAKING: Supreme Court Sides With Trump–This Changes Everything!,fake
Barack Obama’s Remarks in St. Paul,real
"Michelle Obama: ‘Florida Shooting Is Clearly Trump’s Fault, These Shootings Are Happening Constantly Since He Became Our President.We Must Protect Our Children From This Tyrant”Do You Support Her?’",fake
New Law Makes it Illegal to Shower and Do Laundry on Same Day,fake
UPDATE: Second Roy Moore Accuser Works For Michelle Obama Right NOW -,fake
'The Daily Show's' Michelle Wolf Lands Her Own Netflix Late-Night Show (Exclusive),fake
BOMBSHELL!! Obama Paid FBI Informant Over $1 MILLION To Do It To Trump! EVEN AFTER THE ELECTION!,fake
Lisa Page Squeals: DNC Server Was Not Hacked By Russia,fake
Fox News accidentally puts up a poll graphic that shows how they are the least trusted network,fake
"He says universal, but it's no guarantee",real
BREAKING: 3 Liberal Celebrities Arrested For Conspiracy To Assassinate President Trump,fake
Amendment to to declare English as the national language of the Government of the United States,real
NASA Will Pay You 18000 USD To Stay In Bed And Smoke Weed For 70 Straight Days,fake
UsPostman.com is for sale (Us Postman),fake
BREAKING: KEN STARR’S PLANE JUST DISAPPEARED ON HIS WAY TO DC TO TESTIFY AGAINST HILLARY,fake
U.S. Senator Rand Paul of Kentucky,real
Georgia crisis triggers war of words on White House trail,real
BREAKING: Shep Smith To Be Canned Because He Can’t Control His Hate For Donald Trump,fake
Giuliani in New Hampshire,real
Laura Ingraham wrongly says claim that 90% support for gun background checks has been debunked,real
Obama’s Health Care Speech to Congress,real
 If You Are Using This Toothpaste… Throw It Away Immediately Nov 28,fake
"Saudi Arabia Energy Data, Statistics and Analysis",real
2008 Presidential Election,real
"The Hill: Op-Ed: Go natural, go nuclear",real
alert to members on abortion coverage in the House health care bill,real
BREAKING: Hillary Clinton Killed In Monster Truck Mishap,fake
REMARKS BY THE PRESIDENT AND FIRST LADY AT A CAMPAIGN EVENT,real
Wilmington Regional Film Commission,fake
DONALD TRUMP PRAISES COLONEL SANDERS FOR HIS SERVICE IN THE CIVIL WAR Manny Schewitz O 2 Days Ago Off the Wire Speaking to Our Intern Dave Robicheaux Who Is Paid in Facebook Likes Trump Insisted Col H,fake
"Harry Reid Says GOP Should ""Stop Crying"" About Reconciliation",real
BREAKING: 60 People Just Found Dead In Ohio,fake
Remarks on counterterrorism at Stanford University,real
Transcript: NPR's Full Interview With Sen. Marco Rubio,real
"Earmark reform? 2009 spending bill contains 9,000 of them",real
Iraq pullout could create chaos,real
Julia Roberts Claims ‘Michelle Obama Isn’t Fit to Clean Melania’s Toilet’,fake
"OFFICIAL: Rudy Giuliani Officially Resigns, Trump’s Legal Team on Its Last Leg",fake
LISTEN: Curious Robocall Seeks 'Damaging' Information on Moore,fake
Bill Gates Outlines 2018 Plan To Depopulate The Planet,fake
Obama Secretly Flees US – Leaves Stunning Evidence Behind,fake
MoveOn.org Political Action: General Petraeus or General Betray Us?,real
BREAKING: Autopsy Results From Vince Foster’s Exhumed Body–Cause Of Death To Be Changed,fake
"Outlook, Office, Skype, Bing, Breaking News, and Latest Videos",real
"Ryan's plan includes $700 billion in Medicare ""cuts,"" says Stephanie Cutter",real
John Hagee discusses Catholic Church,real
Morgan Freeman: ‘Jailing Hillary’ Best Way To ‘Restore Public Faith In Govt’,fake
New Regulation Requires 75 MPH Governor On All Motorcycles,fake
Obama Administration Kept Illegal Mexican Kids In Detention Camps As “Experiment”,fake
Inside a Fake News Sausage Factory: ‘This Is All About Income’,fake
Barack Obama says U.S. oil production last year was highest since 2003,real
All Nobel Peace Prizes,real
Clinton's Lead Over Trump Shrinks to 3 Points: New NBC News/WSJ Poll,real
BREAKING: Monica Lewinsky Found Dead In Roslindale,fake
 What Adam Sandler is saying about Mormons,fake
BREAKING: Supreme Court Issues Its First Bench Warrant Ever,fake
Rand Paul: Will Donald Trump betray voters by hiring John Bolton?,real
American International Group Inc Form 10K,real
Debbie Wasserman Schultz on Twitter,real
"Oct. 11: Levin, Graham, McCaffrey, Myers, roundtable",real
RAW DATA: Dick Cheney's Remarks to the Center for Security Policy,real
Eric Schneiderman Helped NXIVM Sell Child Sex Slaves To The Clintons,fake
"MITT ROMNEY: ‘TRUMP HAS SOME VERY SERIOUS EMOTIONAL PROBLEMS, HE MUST RESIGN BEFORE WE…’",fake
"The first Trump-Clinton presidential debate transcript, annotated",real
"South African firm ordered to lay off 3,389 white employees",fake
Rockefeller: An Opportunity We Cant Pass Up,real
BREAKING: Trump Removes Muslim Federal Judge For Trying To Implement Sharia Law In America,fake
Democratic National Convention Committee,real
"Outlook, Office, Skype, Bing, Breaking News, and Latest Videos",real
Transcript of Republican Presidential debate at the Ronald Reagan Library in Simi Valley,real
Obama: Gitmo inspires jihadists,real
The Associated Press: Obama Hits Clinton on NAFTA Support,real
"Health Reform Carries Heavy Price, Insurers Claim",real
The Democratic Debate in Cleveland,real
WATCH FULL Ted Cruz presser on new deal with Kasich (UPDATE: PART TWO ADDED),real
U.S. Senate: U.S. Senate Roll Call Votes 110th Congress,real
BOMBSHELL: Internet Sleuths Just Found the SMOKING GUN on Dems Planning Violence in Charlottesville,fake
Trump's Tough Talk on Hedge-Fund Taxes Doesn't Match His Plan,real
"OBAMA CANCELED IT, TRUMP REINSTATED IT – A VERY SACRED DAY IS BACK",fake
John McCain for President,real
MEXICO’S NEXT PRESIDENT Calls for An Invasion Of The US….,fake
BREAKING: Laura Ingraham Just Fired!!,fake
BREAKING: FBI Issues Warrant For Obama’s Arrest After Confirming Illegal Trump Tower Wiretap,fake
A Preliminary Analysis of the President’s Budget and an Update of CBO’s Budget and Economic Outlook,real
Hillary Clinton Furious At ‘Special Gift’ Melania Trump Sent Her From Her Hospital Bed,fake
WHOA! YouTube Witness Makes SHOCKING Admission On LIVE TV! CNN PULLS PLUG IMMEDIATELY! — ShareRED,fake
BREAKING: Bill O’Reilly In Critical Condition After Being Attacked By ‘Tolerant’ Liberals,fake
Maxine Waters Is Getting Criminally Charged!,fake
"National Guard Storms Mexico Border, Makes Game-Changing Impact In Just 30 Days",fake
Donald Trump Dead From A Fatal HEART ATTACK! — Steemit,fake
"I’ll Make Sure you are Jailed- Donald Trump Tells Ghana’s Prez Mahama ⋆ Ghana Home, Ghana News, Politics, Info, News on Ghana, Ghana",fake
Remarks by the President at GOP House Issues Conference,real
Family's private investigator: There is evidence Seth Rich had contact with WikiLeaks prior to death,fake
Malia Obama Fired From Cushy Internship At Spanish Embassy,fake
public information officer for Palm Beach County Property Appraisers Office,real
"Whoopi Goldberg Humiliated, Handcuffed And Dragged Out Of The TV Studio",fake
"Everything you need to know about the drone debate, in one FAQ",real
The Obameter: Introduce a comprehensive immigration bill in the first year,real
H.R.6060 - 109th Congress (2005-2006): Department of State Authorities Act of 2006,real
"Latest World News, Videos & Photos -ABC News - ABC News",real
UPDATE: Florida Governor Rick Scott Now Listed As &#8216;Critical&#8217; After Bizarre Hurricane Cleanup Accident,fake
Colorado Rockies Baseball Team To Sell Marijuana Brownies At Their Concession Stands,fake
BREAKING: President Trump Just Told Paul Ryan ‘You’re Fired’,fake
Indictment US v Vince McMahon and Titan Sports New Haven Register,real
International Arrest Warrant Issued for George Soros,fake
BUSTED: Obama is Holding Secret Meetings to OVERTAKE the White House,fake
Economy Protect Homeownership and Crack Down on Mortgage Fraud,real
NASA ANNOUNCED THAT IT COMMUNICATED WITH FOUR RACES OF ALIENS,fake
"BOOM: Roy Moore Takes The Military Vote, Pulls Ahead By 5K Votes",fake
Energy and Commerce Committee,real
Facebook Picks Sides in Alabama Senate Race=> Shuts Down Gateway Pundit and Breitbart Reports on Discredited Allred Accuser,fake
"Obama for America TV Ad: ""Firms""",real
Trey Gowdy Breaks His Silence After 2 Of His Investigators Are Found Tortured And Killed…,fake
Obama Exclusive Concedes Senate Voteainst Raising Debt Limit Was Political,real
Rep Jan Schakowsky on MSNBC,real
"3,000-Pound Great White Shark Captured in Great Lakes",fake
JUST IN: John Kerry Facing Prison,fake
Notice: Data not available: U.S. Bureau of Labor Statistics,real
LexisNexis(R) Publisher,real
Part I: CNN/YouTube Democratic presidential debate transcript,real
John McCain for President,real
WE WILL RIOT! Michelle Obama’s Mom Will Receive $160k Every Year Out Of Taxpayers’ Pockets!,fake
Vets for Trump Facebook page,fake
"Obama for America TV Ad: ""Firms""",real
Keeping His Word: Lowering the Cost of Medicare Prescriptions,real
Trump Votes For Death Penalty For Being Gay,fake
Bumble Bee Foods charged after man cooked with tuna,fake
Senate Report Admits Clinton ‘Gifted’ Children To Human Traffickers,fake
Bill Clinton’s Hitman Confesses On His Deathbed (SOURCE: HANNITY),fake
"Somali Immigrant Crashes Car Into Ohio Families Home, Killing The Infant At Home",fake
Denzel Washington hit by Facebook fake news story on Trump,fake
Miss Universe Guayana 2016 arrestada con 2kilos en London Airport😱,fake
US Representatives Promise Implement Of UN Gun-Control Plans,fake
"Emma Gonzalez Bullied School Shooter, Isn’t Sorry; Then Retweets Message Blaming “White Boys’ Entitlement” As Cause Of All School Shootings",fake
Man charged with murder after driving into anti-far-right protesters in Charlottesville,fake
BREAKING: Hilary Clinton Filed For Divorce In New York Courts!,fake
"The hacked emails at the center of Mueller’s Russia investigation, explained",fake
Transcript: Blue-Ribbon Panel on Health Care,real
Rebooting: You and your doctor under Obamacare,real
NASA Has Just Confirmed Earth Has A New Moon,fake
CPD: 2008 Debate Transcript,real
BREAKING: Leaked Picture Of Obama Being Dragged Before A Judge In Handcuffs For Wiretapping Trump,fake
"GOP Task Force, Lone Democrat Eye Trafficking Law",real
Barrels removed from Clinton property contain parts from 3 missing women.,fake
Hillary Clinton Transcript: Building the ‘Growth and Fairness Economy’,real
Trump Gives Chaffetz The Thumbs Up For Investigating Hillary Clinton’s Email Server,fake
Breaking: Crew Of Air Force One Refuses To Fly Obama 6000 Miles ‘Just To Play Golf’ – BuzzfeedUSA,fake
Lady Gaga Reveals Plan To Cover Her Face Again “Until Trump Gets Fired From Office And I Feel Free Once More”,fake
trueamericans.me -&nbspThis website is for sale! -&nbsptrueamericans Resources and Information.,fake
Denzel Washington: With Trump we avoided war with Russia and Orwellian Police State,fake
"U.S. considers 3,000 more troops for Afghanistan",real
GOP Official Who Says America Needs ?Another 9/11? Shares _______________ With Trump,fake
Congressman Allen West : Final Weekly Wrapup,real
And we pay her a salary!.... - Judge Jeanine Pirro has Fans,fake
Tens of Thousands Of Scientists Declare Climate Change A Hoax,fake
Mueller Will Be Forced To Resign Over Pelosi Affair,fake
'This Week' Transcript: Odierno and Chiarelli,real
"CIA Release Documents Of Moon, Moon Has More Than 250 Million Citizens",fake
eCFR — Code of Federal Regulations,fake
"McCAIN, John Sidney, III",real
Mike Huckabee: Fried Squirrel Out of a Popcorn Popper,real
"Obama Urges Bernanke, Paulson to Fight Foreclosures, Hold Homeownership Summit",real
“Gay People Should Wear Specially-Colored Clothes To Warn Straight People”,fake
Obamacare vs. the Catholic bishops,real
Donald Trump exaggerates when he says China has 'total control' over North Korea,real
Stephen Bannon: “Nobody Can Blame You For Beating Your Wife If It’s Out Of Love”,fake
"Seattle Police Begin Gun Confiscations: No Laws Broken, No Warrant, No Charges",fake
"Florida Bridge Collapse, Female Company",fake
Computer Models Show IRMA Destroying New York City On Sept. 10,fake
Pope Francis: Gun Owners 'Can’t Call Themselves Christian' Anymore,fake
Kurt Russel Just SHOWED Overpaid Celebs It’s Time To Shut Up About Trump – Hits Them Where It Hurts!,fake
"Bill Murray Had This to Say About Rochester, New Hampshire Residents – News Daily 12",fake
Obama Criticizes McCain on Lobbyists,real
Trump’s Top Scientist Pick: “Scientists Are Just Dumb Regular People That Think Dinosaurs Existed And The Earth Is Getting Warmer”,fake
SPECIAL REPORT: GEORGIA BECOMES FIRST STATE TO BAN MUSLIM CULTURE IN HISTORIC MOVE TO RESTORE WESTERN VALUES!,fake
"Hannity says Obama won't even use the term ""war on terrorism""",real
Court Orders Obama To Pay $400 Million In Restitution,fake
"Crist has experience to be vice president, McCain says",real
McDonnell Letter Urges No Delay in Virginia Offshore Energy Exploration and Development,real
Remarks by the President at CNBC Town Hall Discussion on Jobs,real
Sanders Supports Gun Safety Bill,real
Joint DHS and ODNI Election Security Statement,real
BREAKING: Trump Caught INVESTING in Dakota Pipeline Before Signing It,fake
The Committee on Energy and Commerce,real
Survey Results from Hays Research Group,real
WE CALLED IT! Gloria Allred Accuser **ADMITS** She Tampered With Roy Moore's Yearbook 'Signature' (VIDEO),fake
The Gingrich Tragedy,real
Remarks by President Trump in a Listening Session on Healthcare,real
"Fed Up! Our Fight to Save America from Washington, by Rick Perry",real
Application for ‘March For Our Lives’ permit was made months before Parkland school shooting,fake
Expanding Opportunity — #KempForum16 – Paul Ryan – Medium,real
"Police Officers, Firefighters and Others Get Hit with Tax Penalty",fake
Flake: “Religious tests should have no place in the Senate”,real
Centers for Disease Control and Prevention,real
"'This Week' Transcript: McKay, Napolitano, Salazar and Allen",real
'This Week' Transcript: Geithner,real
"Haiti Official Getting Ready To Testify Against Clinton Foundation Corruption NEXT WEEK, Found DEAD With “Gunshot to the head”",fake
Tim Kaine's Speech in Spanish at an Arizona Rally: Read Now,real
Bowe Bergdahl wanders off during court-martial — Duffel Blog,fake
Former presidents walk fine line in Trump’s America,fake
Full text: Jeff Flake on Trump speech transcript,real
Preventing the Flu: Good Health Habits Can Help Stop Germs,real
Ivanka Trump: Father feels 'vindicated' after Comey hearing,real
"UN Refugee Agency welcomes arrival of 10,000th Syrian refugee resettled to United States",real
"Remarks by the President on the Economy -- Knox College, Galesburg, IL",real
Obama Criticizes McCain on Lobbyists,real
US Foreign Economic and Military Aid by Major Recipient Country The New York Times,real
Fox News' Shepard Smith: 'Why is it lie after lie after lie?' on Russia meeting,fake
interview with Bloomberg television,real
Prince William May Not Attend Royal Wedding Leaving Harry Without a Best Man; Princess Diana Would Not Be Happy,fake
Organizing for Action,real
Have You Been to Iraq — 76 Sens Say They Have by Patrick Fitzgerald,real
"Scott Baio, Beloved Face Of Conservatism, Dies In Small Plane Crash On His Way To Visit Trump",fake
CNN To Permanently Close Its Doors As Ratings Plunge 30 Percent,fake
Civil War Erupts In Sweden as Irate Swedes Burn Nine Muslim Refugee Centers to the Ground,fake
2011 Urban Institute and the Blue Cross Blue Shield of Massachusetts Foundation,real
UPDATE: Malia Obama Among 10 Arrested In Racist Antifa Attack,fake
'This Week' Transcript: Gen. Jim Jones (Ret.),real
First Indictment Issued In Russian Bribery Case Tied To Obama-Era Uranium One Deal,fake
Obama’s Prime-Time Press Briefing,real
"""Face the Nation"" transcripts, August 26, 2012: Rubio, Priebus, Barbour, Blackburn",real
Who is affected by the government shutdown?,fake
Remarks by the President on the Resurgence of the American Auto Industry,real
Q&A: Did slaves build the White House?,real
"Impact of Senator Obama's Tax Proposals as Described by Economic Advisors on Workers, Distribution of Federal Tax Change by Cash Income Percentile, 2009",real
Thousands killed as Israel Drops Tactical Nuclear Bomb On Syria,fake
"BREAKING: Trump Just Gave Every WORKING, LEGAL Man Woman And Child In The USA $612 EACH! -",fake
"Sec. John Kelly on Manchester investigation, keeping America safe",real
UF requests to cancel Rivalry game against FSU,fake
Families Facing Tax Increases Under Trump's Tax Plan,real
BREAKING: Trump Just Ended Welfare For One HUGE Group For 5 Years! – Let The Riots ERUPT!,fake
BREAKING: Irish superstar Saoirse Ronan dies after on-set accident in St. Lucia,fake
"Romney For President Launches New Television Ad, ""Remember""",real
DEA Just Raided A United States Senator,fake
a director of research for the foreign policy program at the Brookings Institution,real
"Romney makes pitch, hoping to close deal : Elections : The Rocky Mountain News",real
Clinton Body Count Series #5: Woman Set to Testify Against Clintons Blown Up in Home Explosion,fake
"Kasich: “If A Woman Is Not Intelligent Enough To Keep Her Legs Closed, How Can We Entrust The Abortion Decision To Her?”",fake
Full Interview Transcript: President Barack Obama,real
"If Democrats Lose, Blame These Guys",real
Infrastructure Report Card 2005,real
SMOKING GUN=> San Juan Teamsters Didn't Show Up for Work to Distribute Relief Supplies,fake
Saudi Arabia to Behead 6 School Girls for Being With Their Male Friends Without Parents or a Guardian,fake
Poverty 2005 Highlights,real
NPC Luncheon with Eric Holder,real
"Department of Homeland Security Appropriations Act, 2007 (2006; 109th Congress H.R. 5441)",real
China's Space Threat: How Missiles Could Target U.S. Satellites,real
Should ISIS' gains lead to more U.S. troops in Iraq?,real
82-Year-Old Who Killed A Muslim In Self-Defense Gets The Death Penalty,fake
Transcript Briefing by Press Secretary Robert Gibbs,real
BREAKING: President Trump Signs Executive Order Stripping NFL Of ‘Non-Profit’ Status,fake
United States Senator Jim DeMint,real
Impeachment Talk Becomes a Cynical Game,real
Transcript: Interview with Donald Trump,real
Clint Eastwood Leaves His Estate To The Trump 2020 Campaign,fake
"Hillary Rodham Clinton, Senator for New York: Floor Speech of Senator Hillary Rodham Clinton on S.J. Res. 45, A Resolution to Authorize the Use of United States Armed Forces Against Iraq",real
The Democratic Debate in Cleveland,real
'This Week' Transcript: Adm. Mike Mullen,real
WHITE SUPREMACIST WHO KILLED PROTESTER IS A DEMOCRAT AND VISITED OBAMA IN OVAL OFFICE (Updated 16.08.2017) – Newsfeed – Hasslefree allsorts,fake
"Donald Trump Protester Speaks Out: “I Was Paid $3,500 To Protest Trump’s Rally”",fake
Bill Gates’ Former Doctor Says Billionaire ‘Refused To Vaccinate His Children’,fake
Post claiming free tickets on Allegiant Air,fake
Rick Perry says he switched to GOP at a younger age than Reagan did,real
"BREAKING: Barron Trump Rushed To The Hospital, Hospital Releases Statement On His Condition",fake
Oscar Pistorius Attempts To Commit Suicide,fake
"THIS IS AMAZING: In 1984, the New York Times said Trump would be our BEST president…They forgot…..",fake
Card Penalty Fees Soften Slightly In 2010,real
"CNN Shocks America, FIRES ‘Journalist’ Who Made Fun Of Sarah Sanders’ Face",fake
Democrat Maxine Waters Has Shown Up To Only 10% Of Congressional Meetings For 35 YEARS,fake
TRUMP WANTS TO DEPORT AMERICAN INDIANS TO INDIA,fake
Republican consultant says Barack Obama promised to halve federal deficit in his first term,real
Pence: “Michelle Obama Is The Most Vulgar First Lady We’ve Ever Had”,fake
"The pro-Russia, pro-weed, pro-Assange GOP congressman who will be tough to beat",fake
Did Bernie Sanders vote against background checks and waiting periods for gun purchases?,real
Miley Cyrus: 'Donald Trump Is a F--king Nightmare',fake
Target to Discontinue Sale of Holy Bible,fake
"At Trump hotel site, immigrant workers wary",real
Stop Coddling the Super-Rich,real
BREAKING: Sasha Obama Just Crashed Her Expensive New Car Into A Lake,fake
BREAKING: 2 Million Rounds Of Ammo That ‘Went Missing’ Under Obama Turns Up In Enemy Hands,fake
World's most popular candy to be removed from shelves by October 2017!,fake
Renewing Americas Promise,real
U.S. Senate: Supreme Court Nominations: present-1789,real
Trump on Prejean: Same as Obama,real
"Employment, Hours, and Earnings from the Current Employment Statistics survey (National) Home Page",real
More Czars Than the Romanovs,real
Political TV Ad Archive » PolAd,real
Remarks by the President in Twitter Town Hall,real
"Table of Known Nuclear Tests Worldwide, 1945-1996",real
"BREAKING: FBI Just Raided The White House, 6 People Thrown Out",fake
"Mitch McConnell, Alison Lundergan Grimes Have 'Sharp Differences' on Campaign Finance Rules",real
testimony submitted to the Congressional Oversight Panel’s hearing on the TARPs impact on financial stability,real
Palin tries new tactic to unload hated jet: Gov. Sarah Palin background,real
San Juan City Council Votes Unanimously To Impeach Trump-Hating Mayor,fake
Louise Slaughter on Twitter,real
Clinton Foundations Sends Water To Houston For $7 A Bottle,fake
Crime in Chicago: Explore your community,real
Floyd Mayweather Jr. Donates a Whopping Sum of Money to Houston After Hurricane – What You Missed,fake
Secret Service Agent Says Obama Is Muslim & Gay In New Tell-All Book,fake
SECRET VIDEO: Romney Tells Millionaire Donors What He REALLY Thinks of Obama Voters,real
Top Picks (Most Requested Statistics) : U.S. Bureau of Labor Statistics,real
The Colbert Report,real
"In reversal, McCain says lift ban on offshore drilling",real
Administration Is Seeking $700 Billion for Wall Street,real
Remarks by the President on Responsible Homeownership,real
Remarks by the First Lady on What Health Insurance Reform Means for Women and Families,real
FrontPage Magazine,real
Alabama State Police Arrest 3 Poll Workers In Birmingham,fake
Already a lost decade: Working-age household income down more than 10% since 2000,real
Target Recalls Water Absorbing Toys Due to Serious Ingestion Hazard,fake
remarks in Philadelphia,real
letter filed on behalf of Sen Barack Obama and the Obama Exploratory Committee,real
"PWNED: House GOP Dominates Twitter, YouTube, Social Media in Congress",real
McCain’s Death Bed Secret Just Came Out About Who He Killed After Skeleton Suddenly Resurfaces,fake
"In Weekly Republican Address, Boehner Calls For “New Way Forward” Focused on Creating Jobs, Cutting Spending, & Reforming Congress",real
Florida Democrats Ask HHS to Protect Floridians from High Insurance Premiums in Marketplace,real
